0.221865804,-0.051891842,15,6,0.7
0.130581853,0.044306061,2,,
-0.009901193,0.378138032,1,,
-0.141807763,0.029366084,12,,
0.146785743,-0.338416774,2,,
0.104975084,-0.145007225,9,,
-0.049348117,-0.097277448,1,,
0.131136102,0.035053904,9,,
-0.033560227,0.148367636,12,,
-0.16182537,0.154478915,8,,
0.052627306,-0.107464408,15,,
0.065680765,-0.078556371,7,,
-0.070985933,-0.137848772,10,,
-0.263868839,-0.057416434,14,,
0.060955261,-0.097556629,1,,
-0.225074254,0.003290616,9,,
0.105068063,0.194459893,15,,
0.096615582,0.090074518,14,,
0.130897487,0.101564441,11,,
0.312430968,-0.036211836,1,,
0.412092024,-0.041424427,8,,
0.25491866,-0.197737873,2,,
0.234534335,-0.395653189,8,,
0.229502461,-0.305548327,1,,
-0.086617989,-0.484489677,3,,
-0.10450089,-0.453926108,7,,
-0.189448382,-0.285538181,0,,
-0.326806375,-0.179043202,12,,
-0.372687836,-0.099918444,4,,
-0.426457765,-0.014807456,5,,
-0.190489744,0.399444019,5,,
-0.10218418,0.464893551,14,,
-0.212589249,0.677265211,11,,
-0.15156285,0.519537063,9,,
0.240606808,0.584809172,11,,
0.512647073,0.566592537,5,,
0.506851589,0.323132459,4,,
0.769400474,-0.034630259,8,,
0.800038214,-0.081908,6,,
0.514503692,-0.516111654,7,,
0.554335718,-0.534720519,0,,
0.157682923,-0.702555036,5,,
-0.116082365,-0.660522418,2,,
-0.299814431,-0.809112883,15,,
-0.510167378,-0.676103925,15,,
-0.775334101,-0.573779531,9,,
-0.830351379,-0.14368153,9,,
-0.879002919,0.215576308,9,,
-0.739385029,0.011799094,9,,
-0.747573548,0.242387983,6,,
-0.312482632,0.589782203,10,,
-0.047746911,0.589781361,8,,
-0.06206371,0.648323677,12,,
0.243273551,0.509277028,2,,
0.308218061,0.367591561,0,,
0.16825229,0.384859256,3,,
0.202960474,-0.08704774,1,,
0.409288158,0.078851326,9,,
0.131841514,-0.070089011,10,,
0.262279398,-0.121837341,4,,
-0.058523764,-0.305089627,5,,
-0.173438291,-0.386776296,7,,
-0.18600345,-0.277313038,5,,
-0.28702074,0.019144515,15,,
-0.275289703,-0.126554893,7,,
-0.383975817,0.178616195,3,,
-0.146068494,0.221523666,4,,
-0.238007807,0.255320797,11,,
-0.195908651,0.435373955,1,,
0.081725228,0.424865044,3,,
-0.004255518,0.345864602,12,,
0.041789192,0.226252546,12,,
0.070467456,0.25762759,15,,
0.183850615,0.473842126,2,,
0.096211284,0.23727879,0,,
0.045297989,0.294476319,10,,
0.053057814,0.122515856,12,,
0.296507128,0.540708455,14,,
0.232242011,0.262785965,2,,
0.268526276,0.054540918,7,,
0.274207714,0.19244731,12,,
0.340195982,0.242859496,13,,
0.33967194,0.256492999,2,,
0.277163022,0.092600972,2,,
0.476580905,0.100968509,,,
0.432861838,0.028952918,,,
0.575282323,0.066572617,,,
0.526412255,-0.162751898,,,
0.402952664,-0.239908802,,,
0.295453765,-0.368096918,,,
0.410471509,-0.257583046,,,
0.219087634,-0.461190493,,,
0.07541818,-0.460774694,,,
0.205273871,-0.363382907,,,
-0.037121222,-0.373499777,,,
-0.116391128,-0.276412686,,,
0.08995664,-0.116456513,,,
-0.043919634,-0.097759071,,,
0.045473282,-0.128865253,,,
0.08692932,-0.218720645,,,
0.183393417,-0.045356537,,,
0.223151334,-0.310779427,,,
0.39526752,-0.2586721,,,
0.157712807,-0.331125779,,,
0.057103609,-0.224566617,,,
0.053417147,-0.452235024,,,
-0.252055468,-0.362180825,,,
-0.094011419,-0.347628184,,,
-0.28633814,-0.563739051,,,
-0.510008615,-0.32501668,,,
-0.400197547,-0.55601716,,,
-0.439925299,-0.138617035,,,
-0.501075298,-0.15688309,,,
-0.28464347,-0.067868359,,,
-0.301481345,-0.201873379,,,
-0.405537041,0.234889891,,,
-0.336080042,0.227055698,,,
-0.192957427,0.303881675,,,
-0.133208919,0.393266562,,,
-0.189650358,0.262292566,,,
0.023142302,0.437396558,,,
0.125446387,0.179937575,,,
0.301994392,0.053522366,,,
0.268884785,-0.156853914,,,
-0.028252736,-0.150328278,,,
0.300150881,-0.42064555,,,
-0.072361073,-0.268887975,,,
0.112549573,-0.290542986,,,
-0.357739007,-0.550099703,,,
-0.441399298,-0.405258216,,,
-0.493653882,-0.373010879,,,
-0.517238666,-0.255816101,,,
-0.532721096,0.011941378,,,
-0.730035661,0.176397821,,,
-0.521270885,0.225350223,,,
-0.688460769,0.258466212,,,
-0.364920537,0.719523971,,,
-0.226584232,0.857257727,,,
-0.29700686,0.80463736,,,
-0.056362093,0.997109904,,,
0.196103279,0.792311232,,,
0.554101782,0.737448322,,,
0.80728762,0.544031053,,,
0.879403306,0.189156774,,,
0.801357141,0.114156019,,,
0.736192392,-0.330506508,,,
0.633367781,-0.50390236,,,
0.289426268,-0.602210076,,,
0.453861936,-0.726439085,,,
0.147511652,-0.617050941,,,
-0.015093095,-0.497318924,,,
-0.417599605,-0.710553781,,,
-0.557916299,-0.333890385,,,
-0.518414641,-0.268736399,,,
-0.633088847,-0.12319908,,,
-0.573383034,0.077979745,,,
-0.456455811,0.322182724,,,
-0.272297681,0.265874815,,,
-0.265445782,0.32870049,,,
-0.125539218,0.547509443,,,
0.074356292,0.380286528,,,
0.191319342,0.343990727,,,
0.442988629,0.231168583,,,
0.241683856,0.344057459,,,
0.242965847,0.007119519,,,
0.103579266,0.089544928,,,
0.388186286,-0.160786203,,,
0.257397494,-0.185644526,,,
0.261257822,-0.190575538,,,
0.053944916,-0.335801749,,,
-0.007412925,-0.177966925,,,
-0.23202255,-0.020878998,,,
-0.158682904,-0.173395203,,,
-0.223865723,-0.084758434,,,
-0.222753463,0.012126391,,,
-0.150120562,0.184668747,,,
-0.144397728,-0.095081292,,,
-0.009267411,0.153043369,,,
-0.149263341,0.104756649,,,
0.068252379,0.130901072,,,
0.125342304,0.310995168,,,
0.079102056,0.182603536,,,
0.040035245,0.118446756,,,
0.494141586,-0.009999981,,,
0.198697467,-0.014978058,,,
0.276227678,-0.08015591,,,
0.269981033,-0.218076312,,,
0.358968774,-0.240256593,,,
0.293226252,-0.650622563,,,
0.355648862,-0.388675593,,,
0.17900856,-0.470983494,,,
-0.2124146,-0.686740948,,,
-0.344980873,-0.61379431,,,
-0.539468882,-0.390592754,,,
-0.680999825,-0.492714581,,,
-0.90616567,0.013631406,,,
-0.824735222,0.19703651,,,
-0.920559239,0.269223272,,,
-0.718891111,0.421994781,,,
-0.484430328,0.687902976,,,
-0.202698544,0.857727424,,,
0.031727458,1.004774789,,,
0.034439638,0.769501144,,,
0.483442052,0.744451054,,,
0.443186742,0.675864473,,,
0.785204954,0.297715046,,,
0.673907124,0.050520361,,,
0.735474703,-0.079558219,,,
0.515289545,-0.353843134,,,
0.359983932,-0.348924028,,,
0.289923356,-0.402068947,,,
0.012801412,-0.370581315,,,
-0.066027868,-0.292890834,,,
-0.276402373,-0.159203052,,,
-0.136671095,0.064724359,,,
-0.062106142,0.050321146,,,
-0.055579831,0.495018506,,,
0.144598743,0.330534185,,,
0.218316378,0.358286892,,,
0.313662156,0.1385991,,,
0.207475515,0.130149131,,,
0.389584168,-0.114235072,,,
0.237760393,-0.094175023,,,
0.564347133,-0.240024208,,,
0.144746497,-0.495935019,,,
-0.069275065,-0.323944016,,,
0.022502396,-0.45005527,,,
-0.174707232,-0.312280563,,,
-0.174007831,-0.250787409,,,
-0.13936267,-0.016442376,,,
-0.240842845,0.055108734,,,
-0.179277436,0.290630811,,,
0.058781704,0.339479514,,,
0.123262523,0.209331113,,,
0.188999413,0.319638333,,,
0.409664115,0.127101329,,,
0.293633049,-0.100733351,,,
0.270907559,-0.207230275,,,
0.367075813,-0.259860641,,,
0.260976726,-0.283241536,,,
0.177466651,-0.332742983,,,
0.11046505,-0.341636042,,,
-0.207272928,-0.412521214,,,
-0.189501748,-0.264000934,,,
-0.324885727,-0.560956178,,,
-0.583124777,-0.402246747,,,
-0.669298179,-0.097481256,,,
-0.571063007,-0.036881945,,,
-0.301731727,0.163612605,,,
-0.519311252,0.112944704,,,
-0.124600966,0.175611189,,,
-0.171150619,0.361314376,,,
-0.067251863,0.417280188,,,
0.196610194,0.402049877,,,
0.228304658,0.196744733,,,
0.272445602,0.211981048,,,
0.315795067,-0.303806996,,,
0.107719864,-0.046046304,,,
0.148491118,-0.266033568,,,
0.264157906,-0.391559898,,,
0.101941976,-0.518399052,,,
0.1652307,-0.350453263,,,
-0.157671393,-0.414033725,,,
-0.522601938,-0.411653666,,,
-0.54407334,-0.488617989,,,
-0.761751932,-0.216653062,,,
-0.723712651,-0.023701763,,,
-0.60098152,0.269992447,,,
-0.713333873,0.448140836,,,
-0.36127019,0.423604873,,,
-0.430057126,0.783906385,,,
-0.285267064,0.528576562,,,
-0.021981696,0.774728683,,,
0.199782053,0.676806573,,,
0.139684634,0.553280739,,,
0.220638752,0.670302955,,,
0.58511665,0.387434876,,,
0.342453324,-0.017547414,,,
0.310364472,0.114972569,,,
0.340010942,0.050083159,,,
-0.014946341,-0.0115248,,,
0.308470487,-0.091659486,,,
0.189993391,0.105637698,,,
-0.221324453,0.056106922,,,
0.133826793,0.098071248,,,
0.208478483,0.179556863,,,
0.175229989,0.287339952,,,
0.272616306,0.237798373,,,
0.288245688,0.210627741,,,
0.464845187,0.073869841,,,
0.306752616,-0.038216254,,,
0.229484976,-0.051138873,,,
0.3541499,-0.368658807,,,
-0.030410604,-0.201830406,,,
0.018044157,-0.249286125,,,
0.144785981,-0.177871022,,,
-0.08572424,-0.386232594,,,
-0.229302567,-0.269696784,,,
-0.335753033,-0.092766462,,,
-0.28477844,0.062094146,,,
-0.218841638,0.066833037,,,
-0.225515884,0.122713492,,,
-0.00490258,0.361832332,,,
0.140711151,0.202778832,,,
0.211007356,0.453282279,,,
0.213481529,0.199748519,,,
0.11784392,-0.011661651,,,
0.147352937,0.09534693,,,
0.128325747,0.2743163,,,
0.453635178,0.16742043,,,
0.18167659,0.122018125,,,
0.090328407,-0.16249545,,,
0.294637182,0.015933133,,,
0.363240568,0.157720347,,,
0.224972143,0.132994158,,,
0.20363889,0.085886306,,,
0.282306322,-0.365026301,,,
0.19273537,-0.004407546,,,
0.112170669,0.036953034,,,
0.418820486,-0.118201438,,,
0.047529654,-0.172158413,,,
0.00521404,-0.291642747,,,
0.249131312,-0.212083017,,,
0.159457726,-0.086879359,,,
-0.067406337,-0.238368516,,,
0.107815103,-0.329313089,,,
0.214509653,-0.360778618,,,
0.079999048,-0.167153752,,,
-0.012258284,-0.156709305,,,
-0.084473059,-0.450484376,,,
-0.089157571,-0.199991267,,,
-0.090401562,-0.341188432,,,
-0.026040585,-0.072746892,,,
0.190890802,-0.286901379,,,
0.197583087,-0.168027546,,,
-0.059903919,-0.186337436,,,
0.133344228,-0.22341587,,,
0.076975114,-0.312817857,,,
0.054389751,-0.2461934,,,
-0.35501244,-0.150780149,,,
-0.067972095,-0.19877752,,,
-0.249215371,-0.292038276,,,
-0.206485604,-0.408928908,,,
-0.496589101,-0.172827861,,,
-0.350574454,-0.231380623,,,
-0.451243176,-0.223535701,,,
-0.385701228,0.01613584,,,
-0.443564395,-0.014087326,,,
-0.38038258,-0.101963126,,,
-0.388705366,-0.156851009,,,
-0.480723809,0.098129829,,,
-0.52233413,0.031596447,,,
-0.409669927,0.136729779,,,
-0.411073983,0.119216582,,,
-0.644500093,0.244776655,,,
-0.615195331,0.254956204,,,
-0.588859121,0.241836811,,,
-0.296872304,0.705406072,,,
-0.244732531,0.572362015,,,
-0.15678626,0.710721314,,,
0.10186333,0.72066731,,,
0.153177283,0.858779891,,,
0.318132033,0.669506443,,,
0.598543636,0.668072711,,,
0.7218798,0.536587305,,,
0.673334933,0.221771128,,,
0.909491869,0.103263874,,,
0.721029014,-0.147439819,,,
0.616347028,-0.127716288,,,
0.54051839,-0.3132579,,,
0.466013017,-0.42331805,,,
0.054625447,-0.583509342,,,
-0.023325251,-0.472147216,,,
-0.140989586,-0.460410307,,,
-0.139827742,-0.392557854,,,
-0.29442179,-0.451209794,,,
-0.490560663,-0.061846633,,,
-0.750043564,0.004287849,,,
-0.35183113,0.324467137,,,
-0.394721842,0.272584498,,,
0.001972219,0.590820034,,,
-0.005724344,0.484310809,,,
0.048528037,0.34113388,,,
0.360007869,0.352088153,,,
0.491208639,0.325469652,,,
0.746074009,0.089576183,,,
0.458203742,0.06840463,,,
0.694673237,-0.149861685,,,
0.59804946,-0.37494129,,,
0.268686475,-0.60408311,,,
0.377782726,-0.515012039,,,
-0.106314185,-0.693031523,,,
-0.224799815,-0.52636838,,,
-0.387045406,-0.534224545,,,
-0.604453831,-0.522484464,,,
-0.584577138,-0.195622482,,,
-0.753734176,-0.101747981,,,
-0.469661258,0.201791726,,,
-0.442185016,0.317481016,,,
-0.2626257,0.36199596,,,
-0.31901408,0.330602474,,,
-0.106860482,0.675382393,,,
0.282234008,0.647908073,,,
0.479033632,0.495456056,,,
0.584857276,0.338970695,,,
0.426143761,0.148049585,,,
0.406451476,0.032348041,,,
0.588055933,-0.127739766,,,
0.578024359,-0.136784672,,,
0.415140001,-0.387156125,,,
0.159064167,-0.398020504,,,
0.052696134,-0.734583365,,,
-0.044666874,-0.657544285,,,
-0.257060043,-0.545922521,,,
-0.16357477,-0.575982714,,,
-0.571077989,-0.408850021,,,
-0.620762809,-0.323919504,,,
-0.602756489,-0.374567801,,,
-0.408922298,-0.101664308,,,
-0.505473954,-0.081250909,,,
-0.486955285,0.041526605,,,
-0.56464419,0.204991532,,,
-0.338482303,0.273017485,,,
-0.210390157,0.753161482,,,
-0.191302635,0.508516165,,,
-0.437111466,0.421523926,,,
0.073291311,0.470739432,,,
0.15513059,0.344073727,,,
0.26491574,0.403508982,,,
0.247686397,0.34091462,,,
0.45243816,0.082961872,,,
0.523048901,-0.012380608,,,
0.440089333,0.034849163,,,
0.35361492,-0.105072481,,,
0.362121783,-0.275581102,,,
0.205966991,-0.119478622,,,
0.153666683,-0.284166766,,,
-0.035538633,-0.256263386,,,
-0.182374813,-0.154229619,,,
-0.085242839,-0.106979289,,,
-0.342646611,-0.000979,,,
-0.126442115,0.013264445,,,
-0.047320068,-0.15801509,,,
-0.070613234,0.265349206,,,
-0.079857631,0.187040069,,,
0.047950417,0.248049873,,,
0.167807034,0.030137678,,,
0.021302736,0.108609502,,,
0.120709051,0.106223296,,,
0.041997386,0.082000293,,,
0.00615545,-0.03225894,,,
-0.135274847,-0.040442984,,,
0.036150016,0.0134538,,,
-0.031363833,-0.150983478,,,
0.106122946,-0.046398651,,,
-0.051203481,0.017299173,,,
-0.0141605,0.063074549,,,
-0.052425707,0.156659361,,,
0.078124843,0.283093335,,,
-0.136362717,0.271173359,,,
0.120999683,0.252216797,,,
-0.050677198,0.046352276,,,
0.029413046,0.314764114,,,
0.256573276,0.180308169,,,
0.285251507,0.296837004,,,
0.482649296,0.166853314,,,
0.284038552,0.125967841,,,
0.478981915,0.102085545,,,
0.38489095,0.081273674,,,
0.59369888,-0.206736612,,,
0.61934645,-0.021325035,,,
0.596842291,-0.256999605,,,
0.555151851,-0.389726324,,,
0.254006267,-0.568530566,,,
0.19306054,-0.627210566,,,
0.176826478,-0.52486895,,,
0.035333162,-0.582669203,,,
-0.354607002,-0.684634448,,,
-0.163469143,-0.745592489,,,
-0.308400867,-0.505306638,,,
-0.61459563,-0.612904094,,,
-0.478467127,-0.216409949,,,
-0.568600059,-0.229423557,,,
-0.666448902,-0.146480383,,,
-0.724615438,0.332905621,,,
-0.787924811,0.519981373,,,
-0.498850776,0.47156141,,,
-0.426358486,0.532893821,,,
-0.214999679,0.73406196,,,
-0.110248312,0.580600664,,,
0.198529317,0.478322818,,,
0.359051822,0.652900592,,,
0.333780662,0.419910499,,,
0.62990493,0.415813202,,,
0.834821345,0.080258295,,,
0.513089709,-0.154399471,,,
0.52058692,-0.283856725,,,
0.274250813,-0.33145997,,,
0.317052041,-0.572839775,,,
0.25011909,-0.531119486,,,
-0.25038341,-0.382374806,,,
-0.387848306,-0.389984687,,,
-0.259737246,-0.222408529,,,
-0.24508007,-0.404998209,,,
-0.386032217,0.19334662,,,
-0.287362642,0.096518294,,,
-0.222964567,0.206415067,,,
-0.19252649,0.096259458,,,
-0.071825234,0.194772193,,,
0.155799382,0.235846436,,,
0.140226991,0.161316282,,,
0.262414197,-0.068412761,,,
0.048508106,-0.119981273,,,
-0.022624227,0.177488009,,,
0.034016579,-0.13173307,,,
-0.215481349,0.086838103,,,
-0.356962769,0.0512244,,,
-0.268897107,0.165619248,,,
-0.374577344,0.437335518,,,
-0.111360041,0.557668101,,,
-0.084433649,0.575437319,,,
0.0176712,0.671642086,,,
0.157544512,0.727024726,,,
0.608427921,0.810799439,,,
0.65420683,0.353479248,,,
0.571189895,0.155860264,,,
0.637050077,-0.061868546,,,
0.750455911,-0.419021258,,,
0.600504298,-0.489744361,,,
0.277873307,-0.604093704,,,
0.010339688,-0.590712892,,,
-0.205210589,-0.730793175,,,
-0.121653514,-0.641911982,,,
-0.560182128,-0.278050213,,,
-0.488954689,-0.01867759,,,
-0.549258528,-0.206545023,,,
-0.616209806,0.38109083,,,
-0.320202433,0.549264011,,,
-0.20093916,0.516217355,,,
-0.008230873,0.744344685,,,
0.283357847,0.366072618,,,
0.296233559,0.437319485,,,
0.596481639,0.273369979,,,
0.699777451,0.179648183,,,
0.720187922,0.142416382,,,
0.634075329,-0.056777294,,,
0.258820736,-0.138660234,,,
0.205023281,-0.542429822,,,
0.308669808,-0.464197089,,,
-0.092273688,-0.294660254,,,
-0.110652423,-0.329692184,,,
-0.235104463,-0.2346293,,,
-0.194631339,-0.223084117,,,
-0.044525433,0.190524994,,,
0.022981843,0.125016127,,,
0.162156369,0.203292915,,,
0.111890461,0.236687804,,,
0.099644365,0.079916701,,,
0.503837938,0.047705783,,,
0.387003162,-0.075709824,,,
0.521538202,-0.244725936,,,
0.37368436,-0.326747852,,,
0.300248001,-0.47678087,,,
0.098142332,-0.723773705,,,
-0.309740912,-0.627546,,,
-0.259714347,-0.80875921,,,
-0.384579401,-0.515461962,,,
-0.673076812,-0.495652295,,,
-0.688385931,-0.107860487,,,
-0.672552592,-0.152335306,,,
-0.421053432,0.056995244,,,
-0.327874951,0.378041442,,,
-0.478558009,0.61040083,,,
-0.021513135,0.502230894,,,
0.144962087,0.477004091,,,
0.431942975,0.430147765,,,
0.625195922,0.169151212,,,
0.229441783,-0.115494345,,,
0.242716571,-0.180834331,,,
0.353036396,-0.296675876,,,
0.265688517,-0.530857822,,,
-0.213454424,-0.530767942,,,
-0.244491129,-0.445205073,,,
-0.387108662,-0.301006228,,,
-0.489562552,-0.338075377,,,
-0.629044015,0.074537019,,,
-0.577514412,0.061903881,,,
-0.498570804,0.127323521,,,
-0.329266238,0.409584765,,,
-0.287044925,0.37136989,,,
0.066346122,0.506969795,,,
-0.304698304,0.519058074,,,
0.141668858,0.351684363,,,
0.054336493,0.381812482,,,
0.143204228,0.249080803,,,
0.236429436,0.109214603,,,
0.373168628,0.263951978,,,
0.389378278,0.172105389,,,
0.39276872,-0.037863027,,,
0.490269716,0.006287186,,,
0.293205472,0.013532717,,,
0.225733727,-0.18520304,,,
0.177796858,-0.072493816,,,
0.050559362,-0.042031342,,,
0.301599164,-0.571678959,,,
0.182928626,-0.304379601,,,
0.17819036,-0.412518507,,,
-0.043122248,-0.419934767,,,
0.040302408,-0.291657455,,,
-0.116764504,-0.516314387,,,
-0.126456448,-0.377930863,,,
-0.315766731,-0.410798301,,,
-0.433912406,-0.134919901,,,
-0.583048154,-0.164167914,,,
-0.567476164,0.020577552,,,
-0.660220418,-0.023532873,,,
-0.328412087,0.192893277,,,
-0.441771003,0.235913329,,,
-0.477051163,0.198784435,,,
-0.458819554,0.518171764,,,
-0.17839379,0.434240114,,,
-0.186822549,0.459405856,,,
-0.115656713,0.462265012,,,
0.053723628,0.523559109,,,
0.176495797,0.447940507,,,
0.086793719,0.286192212,,,
0.180514324,0.462398447,,,
0.408413875,0.104405145,,,
0.069219396,0.364121811,,,
0.150142182,0.185983874,,,
0.350357426,0.240956246,,,
0.141160006,0.047771096,,,
0.347285266,-0.105459475,,,
0.244558145,-0.040098151,,,
0.071811876,-0.03852233,,,
0.137789878,-0.091271122,,,
0.097751619,-0.059118111,,,
0.017262205,0.016399859,,,
0.09341905,-0.136802094,,,
0.156351719,-0.04431692,,,
0.10749668,-0.105288223,,,
0.171052568,-0.271563357,,,
0.091006195,-0.091766308,,,
0.19159279,-0.288219729,,,
-0.268893517,-0.365750769,,,
-0.067735984,-0.271891147,,,
-0.181039299,-0.375838507,,,
-0.226004127,-0.108942244,,,
-0.255139305,-0.111841726,,,
-0.163060316,0.130471814,,,
-0.454209494,0.297724693,,,
-0.136667386,0.174114478,,,
-0.226861026,0.348660303,,,
-0.130868623,0.417852793,,,
-0.185398649,0.651813508,,,
-0.113923358,0.407613736,,,
0.053424041,0.506477658,,,
0.222696939,0.502308785,,,
0.365088874,0.611706379,,,
0.698464012,0.361425055,,,
0.631900879,0.09729916,,,
0.639981089,0.07776099,,,
0.388466324,-0.136509016,,,
0.65562652,-0.35746415,,,
0.465911276,-0.23265427,,,
0.459011376,-0.341283306,,,
0.251641594,-0.622697328,,,
0.067747388,-0.868369778,,,
-0.198661842,-0.733965651,,,
-0.310363904,-0.716847708,,,
-0.530345578,-0.466914464,,,
-0.556804886,-0.56721495,,,
-0.395696658,-0.17056699,,,
-0.752555578,-0.051517224,,,
-0.532359085,0.121864565,,,
-0.709927065,0.387393338,,,
-0.437253741,0.493124931,,,
-0.307240708,0.510883405,,,
-0.184735758,0.520179667,,,
-0.091990563,0.726474087,,,
0.416478376,0.526243672,,,
0.480317172,0.484531988,,,
0.675524134,0.52423765,,,
0.725401056,0.143363561,,,
0.561751133,-0.098585459,,,
0.856666717,-0.368095504,,,
0.480817996,-0.382817195,,,
0.401887211,-0.633066211,,,
0.450350251,-0.636213309,,,
0.0485138,-0.858276607,,,
0.013927855,-0.870828182,,,
-0.13863619,-0.753716164,,,
-0.34317165,-0.777259039,,,
-0.619410782,-0.590644042,,,
-0.53645812,-0.269600213,,,
-0.621492416,-0.140956439,,,
-0.672994805,0.100539594,,,
-0.81382573,0.255921403,,,
-0.614919412,0.562206469,,,
-0.37193779,0.409807957,,,
-0.153534883,0.639690431,,,
-0.181693599,0.545264281,,,
0.144305969,0.447430139,,,
0.143541413,0.411185854,,,
0.412520536,0.221608086,,,
0.365299434,0.240276333,,,
0.40026728,0.154428122,,,
0.216627271,-0.053804904,,,
0.129703366,-0.264732332,,,
0.073887842,-0.412395472,,,
-0.139490827,-0.199499403,,,
-0.162424892,-0.363418015,,,
-0.356127625,-0.132009245,,,
-0.362317591,0.042085188,,,
-0.457865659,0.146142163,,,
-0.284033905,0.233425051,,,
-0.274325289,0.370756707,,,
-0.132701079,0.437194473,,,
-0.136643303,0.418983101,,,
-0.181100174,0.585186931,,,
0.253375694,0.451409605,,,
0.451766174,0.503963196,,,
0.576542972,0.274899579,,,
0.612535195,0.313902247,,,
0.547393373,0.164715479,,,
0.384823216,-0.052748344,,,
0.583610418,-0.04218945,,,
0.74287039,-0.312321578,,,
0.502313736,-0.10420839,,,
0.469732172,0.042717721,,,
0.349573499,-0.482620513,,,
0.257962275,-0.364908433,,,
0.247226621,-0.067037956,,,
0.525684163,-0.348280461,,,
0.499025759,-0.460872135,,,
0.21869271,-0.692721697,,,
0.223114336,-0.623217256,,,
0.031788117,-0.715143298,,,
-0.051800188,-0.657979478,,,
-0.140337336,-0.651671229,,,
-0.311022223,-0.786447568,,,
-0.784500522,-0.624966777,,,
-0.744172335,-0.691204522,,,
-0.999906807,-0.360127566,,,
-0.973119295,-0.262849062,,,
-0.931257475,0.196407075,,,
-0.877600491,0.508631638,,,
-0.680314748,0.329618814,,,
-0.534260617,0.566103366,,,
-0.24259315,0.669674121,,,
-0.020531959,0.710421867,,,
-0.122240404,0.49588837,,,
0.037143922,0.521498039,,,
0.19551045,0.430613761,,,
0.346387269,0.444387167,,,
0.137263979,0.276037985,,,
0.214103041,0.205690767,,,
0.037753514,0.080023405,,,
-0.122319407,0.258751085,,,
0.224265988,0.258741729,,,
-0.017799509,0.184370658,,,
0.085192009,0.585716033,,,
0.233732651,0.436168072,,,
0.197392259,0.515616992,,,
0.534965344,0.34436059,,,
0.344411788,0.280519279,,,
0.603782941,0.241222049,,,
0.578224051,-0.110109654,,,
0.681077574,-0.175228413,,,
0.539757899,-0.332246286,,,
0.458158109,-0.697538397,,,
0.308064612,-0.649813251,,,
0.11080625,-0.587741444,,,
-0.022510616,-0.647135498,,,
-0.095728865,-0.575904709,,,
-0.404047346,-0.557852703,,,
-0.533946934,-0.355771475,,,
-0.701344272,-0.017661946,,,
-0.648906929,-0.060990305,,,
-0.418074311,-0.108534617,,,
-0.496733579,0.297169767,,,
-0.272504634,0.410706472,,,
-0.036440654,0.519271841,,,
0.17323465,0.418028226,,,
0.225971098,0.608006625,,,
0.297278624,0.465529957,,,
0.355457456,0.396046158,,,
0.467711934,0.429920728,,,
0.60180419,0.02221977,,,
0.623173381,-0.223231986,,,
0.47974856,-0.334096445,,,
0.551919982,-0.368697625,,,
0.54507723,-0.628461852,,,
0.262318091,-0.541618769,,,
0.059638373,-0.798916478,,,
0.031447663,-0.767999235,,,
-0.417168993,-0.713316349,,,
-0.293700446,-0.689370255,,,
-0.672138382,-0.502560863,,,
-0.695166947,-0.230952215,,,
-0.643926572,0.030157968,,,
-0.460726223,0.203134818,,,
-0.696613591,0.307871348,,,
-0.516412463,0.319849752,,,
-0.471119742,0.538607354,,,
-0.056817264,0.601772762,,,
0.35416815,0.598360285,,,
0.174840233,0.577143833,,,
0.09154259,0.402167662,,,
0.427930389,0.147824811,,,
0.435569308,0.214021198,,,
0.336280104,-0.060311277,,,
0.346369196,-0.185652477,,,
0.010017237,-0.404530344,,,
-0.09867777,-0.407034102,,,
-0.056055028,-0.189001923,,,
-0.341352911,-0.175131079,,,
-0.421732766,-0.199178815,,,
-0.487469458,0.167846617,,,
-0.289406167,0.339255516,,,
-0.112839314,0.422677865,,,
-0.064754887,0.276391451,,,
-0.065214207,0.435068701,,,
0.321144504,0.197620163,,,
0.40141666,0.3484791,,,
0.50874336,0.079683302,,,
0.429036509,-0.285826308,,,
0.417596474,-0.078515429,,,
0.441845467,-0.468059695,,,
-0.02864416,-0.509380788,,,
-0.303316069,-0.57559187,,,
-0.355165648,-0.289187928,,,
-0.409745601,-0.125166984,,,
-0.764817756,-0.271517727,,,
-0.715328487,0.240672955,,,
-0.544297928,0.245757557,,,
-0.613067651,0.432098929,,,
-0.395612567,0.405746355,,,
-0.316177152,0.37326873,,,
0.081327178,0.318973407,,,
-0.057990953,0.595941664,,,
0.239163939,0.421007348,,,
0.161448818,0.41112281,,,
-0.181001819,0.091448767,,,
0.351629998,0.256178454,,,
0.155214912,0.111239389,,,
0.203477272,0.020323384,,,
0.0589607,0.175396616,,,
0.151364164,0.033556072,,,
0.262558094,0.198944654,,,
0.184621944,0.075409895,,,
0.320163012,0.108049332,,,
0.111981073,0.200447641,,,
0.361497355,-0.013445394,,,
0.507191374,-0.037172682,,,
0.643753785,0.057193231,,,
0.371552817,-0.302041196,,,
0.373200236,-0.207087967,,,
0.324323226,-0.31121748,,,
0.067409707,-0.354665253,,,
0.228451082,-0.458128364,,,
0.118446333,-0.64996245,,,
-0.259116692,-0.414592099,,,
0.102568238,-0.408935643,,,
-0.267683605,-0.277630231,,,
-0.166723561,-0.367164505,,,
-0.416655177,-0.23027896,,,
-0.271804251,-0.240063409,,,
-0.26512361,-0.134429681,,,
-0.301169575,-0.016416101,,,
-0.436378133,-0.003996978,,,
-0.485421187,-0.049288562,,,
-0.354989844,-0.028291829,,,
-0.20560796,0.223139448,,,
-0.088779282,-0.100236812,,,
-0.110790428,0.148774582,,,
-0.359796601,0.250277312,,,
-0.15519974,0.341783688,,,
0.165788274,0.373061316,,,
0.009698295,0.043058329,,,
-0.067739914,0.194850149,,,
0.100348847,0.225682348,,,
0.123750242,0.18669172,,,
0.158879315,0.068373377,,,
0.132789088,0.008356591,,,
0.127283438,-0.210722394,,,
0.082941849,0.018919382,,,
0.045813328,-0.28147226,,,
0.109188006,-0.159589144,,,
-0.039037577,-0.154759299,,,
-0.110228225,0.090954614,,,
-0.146813736,-0.086053186,,,
-0.119353494,0.05656666,,,
-0.066987346,-0.002933235,,,
-0.015277975,-0.059083953,,,
-0.040132622,-0.12153443,,,
0.055392331,-0.049341322,,,
-0.11536903,0.055056093,,,
0.118394248,0.130736385,,,
0.138129662,0.272304736,,,
-0.085786005,0.04765476,,,
-0.149953743,-0.010353289,,,
0.133292491,0.243183338,,,
-0.099411073,-0.029765808,,,
-0.123264463,-0.163236919,,,
0.009966304,0.002596593,,,
-0.122121254,0.027402475,,,
-0.038042952,0.109044373,,,
-0.063954296,0.433604985,,,
-0.028422532,0.362032974,,,
0.034730964,0.213177792,,,
-0.048824876,0.411639356,,,
0.018347636,0.067113717,,,
0.37485332,-0.069140706,,,
0.338107055,-0.046508675,,,
0.257952094,0.018692726,,,
0.108836662,-0.13487149,,,
0.059526764,-0.47011446,,,
0.022129124,-0.325391257,,,
-0.121791377,-0.340758256,,,
-0.275440721,-0.194718721,,,
-0.375775226,-0.262492147,,,
-0.260991175,-0.238647957,,,
-0.395432545,0.219689235,,,
-0.37854457,0.35068668,,,
-0.085343715,0.348699785,,,
-0.149049626,0.565533186,,,
0.107224892,0.565680543,,,
0.182072493,0.460356315,,,
0.40768003,0.467874372,,,
0.643937712,0.397263882,,,
0.654441675,0.121902079,,,
0.799241098,-0.146894337,,,
0.595286437,-0.396338676,,,
0.607870375,-0.575049482,,,
0.417394579,-0.713738394,,,
0.027971204,-0.627058466,,,
-0.010455947,-0.70421617,,,
-0.470880868,-0.461938068,,,
-0.491067121,-0.314118928,,,
-0.622542349,-0.168903794,,,
-0.37296362,0.236506587,,,
-0.393466965,0.35488407,,,
-0.098980116,0.257719997,,,
-0.091312128,0.487516638,,,
0.1010503,0.557170985,,,
0.271744251,0.315093032,,,
0.150686069,0.491164622,,,
0.420164725,0.29952123,,,
0.371049852,0.16405878,,,
0.484242039,-0.083537574,,,
0.335744456,-0.17673926,,,
0.173783954,-0.097189517,,,
0.224889646,-0.301610345,,,
-0.112243472,-0.217801737,,,
-0.089905511,-0.244164918,,,
-0.206936088,-0.180335572,,,
-0.194610555,-0.000134308,,,
-0.011390393,0.167736402,,,
-0.12064686,0.196194362,,,
-0.022257613,0.184472165,,,
-0.157072341,0.162871647,,,
0.204911065,0.161787781,,,
0.272295091,-0.00869204,,,
0.26659375,-0.066199617,,,
0.336628783,-0.182704878,,,
0.150773218,-0.181960221,,,
0.366012925,-0.329573897,,,
0.237968973,-0.309720399,,,
0.056024567,-0.352264485,,,
-0.230740561,-0.096911934,,,
-0.216280318,-0.283305239,,,
0.015009838,-0.142445666,,,
-0.21665144,-0.124144602,,,
-0.336705965,0.176640822,,,
-0.020761528,0.124743151,,,
0.051485227,0.128188736,,,
0.357475995,0.084729181,,,
0.284266172,0.053229897,,,
0.220006124,-0.305005313,,,
0.332183759,-0.073780187,,,
0.235067891,-0.41700851,,,
0.15430113,-0.541922038,,,
-0.01643471,-0.574373438,,,
-0.11654585,-0.797809885,,,
-0.301189337,-0.703390738,,,
-0.539303136,-0.600309365,,,
-1.001637174,-0.482735916,,,
-0.885488313,-0.172724933,,,
-0.589447848,0.035947192,,,
-0.658164184,0.15822063,,,
-0.56441965,0.270387642,,,
-0.463818721,0.375548594,,,
-0.286616021,0.661103929,,,
-0.07173635,0.670471464,,,
-0.093581418,0.531425512,,,
0.106044014,0.543584682,,,
0.277607174,0.282195201,,,
0.289782718,0.364385928,,,
0.280744158,0.158393787,,,
0.380166098,0.061291956,,,
0.291189089,-0.211209079,,,
0.082031781,-0.399320122,,,
0.060621722,-0.28034785,,,
-0.221461468,-0.271222901,,,
-0.196962356,-0.235733717,,,
-0.436434384,-0.014712622,,,
-0.603620341,0.063417215,,,
-0.474211435,0.308823513,,,
-0.363954209,0.328520332,,,
-0.26281023,0.426604454,,,
-0.150717503,0.592540704,,,
-0.055874092,0.557490242,,,
0.357525271,0.695156459,,,
0.334041395,0.488554476,,,
0.53438287,0.520401601,,,
0.861449324,0.405721637,,,
0.835175407,0.105360332,,,
0.714714176,-0.29899542,,,
0.751136558,-0.53744339,,,
0.589531396,-0.58087135,,,
0.207007234,-0.566813695,,,
-0.220158118,-0.767089847,,,
-0.171008259,-0.563184665,,,
-0.295724088,-0.467935157,,,
-0.332082155,-0.257825127,,,
-0.375769892,0.19138907,,,
-0.326375043,-0.09619144,,,
-0.106235963,0.107120558,,,
-0.257738215,0.309184451,,,
0.098864048,0.260051893,,,
0.217892108,-0.027132583,,,
0.265487891,-0.007286454,,,
0.240752781,-0.021411759,,,
0.130238086,-0.236843114,,,
0.246718649,-0.417425824,,,
0.087675758,-0.58950951,,,
-0.044361548,-0.709762829,,,
-0.30391206,-0.493071272,,,
-0.61151622,-0.13072173,,,
-0.672658333,0.006417268,,,
-0.695169587,0.09325792,,,
-0.631789302,0.459966969,,,
-0.456552009,0.511629406,,,
-0.256016483,0.646481081,,,
-0.089230409,0.560149124,,,
0.123170679,0.750676564,,,
0.375693741,0.550502694,,,
0.269228,0.249940524,,,
0.412153396,0.070477958,,,
0.398678118,-0.046938379,,,
0.421588268,-0.035230882,,,
0.365365021,-0.268155822,,,
0.338185095,-0.455942318,,,
-0.09882376,-0.401306136,,,
-0.10499755,-0.347488698,,,
-0.23375402,-0.28768154,,,
-0.608304651,-0.214440161,,,
-0.354356853,-9.3126e-05,,,
-0.357881293,0.19921038,,,
-0.416703712,0.129263298,,,
-0.630319181,0.368360039,,,
-0.236939922,0.181112088,,,
0.093578771,0.331876241,,,
-0.038553266,0.361010504,,,
0.164324027,0.484719493,,,
0.20497416,0.268602352,,,
0.185839567,0.412872017,,,
0.392465686,0.044102499,,,
0.284665669,0.202091933,,,
0.289560544,0.165359128,,,
-0.120715229,-0.190046963,,,
0.014796263,0.146887308,,,
-0.114318919,-0.041074113,,,
-0.077730465,0.071811471,,,
-0.003117165,0.047805755,,,
-0.062810874,-0.019038093,,,
0.097627506,0.072495935,,,
0.027151024,0.168758674,,,
0.126590553,0.012092384,,,
0.446304438,0.381957938,,,
0.393472555,0.303589267,,,
0.434367502,0.037935756,,,
0.509394913,0.152983652,,,
0.484749154,0.047695897,,,
0.571453679,-0.008787186,,,
0.718056519,-0.405049992,,,
0.371439547,-0.509756557,,,
0.353093171,-0.630100718,,,
-0.041587887,-0.706401163,,,
-0.059378481,-0.477989627,,,
-0.323316281,-0.555057515,,,
-0.169777577,-0.352525613,,,
-0.450873206,-0.355469822,,,
-0.487423961,-0.18252027,,,
-0.43627401,-0.028660155,,,
-0.348072749,0.037671088,,,
-0.365726278,0.179837643,,,
-0.04674476,0.325126381,,,
-0.026955818,0.09530582,,,
0.043244632,0.22063948,,,
0.299103881,0.061442652,,,
0.366880638,-0.054513661,,,
0.408831536,0.069073864,,,
0.34042032,-0.324543895,,,
0.264517335,-0.371587011,,,
0.212710101,-0.307257066,,,
0.176474428,-0.601067251,,,
-0.103456294,-0.559656009,,,
-0.167597099,-0.525815099,,,
-0.548589724,-0.421904747,,,
-0.506816418,-0.315376349,,,
-0.586093815,-0.00586983,,,
-0.825023708,0.082969269,,,
-0.652096202,0.301779057,,,
-0.20303699,0.513040353,,,
-0.41385606,0.796276279,,,
-0.186525517,0.64382567,,,
0.121602092,0.917902195,,,
0.410674033,0.652180968,,,
0.602093098,0.629042979,,,
0.474352087,0.257943081,,,
0.739189708,0.252208974,,,
0.790626061,-0.180237431,,,
0.513218263,-0.316976769,,,
0.083302361,-0.498504139,,,
0.049224486,-0.785701607,,,
-0.014223974,-0.778824528,,,
-0.402938632,-0.578469786,,,
-0.473552746,-0.472498465,,,
-0.516948433,-0.174593901,,,
-0.406742442,0.194010009,,,
-0.606961094,-0.041111947,,,
-0.496187296,0.209986269,,,
-0.284531552,0.110500564,,,
-0.088073606,0.418559805,,,
-0.045016771,0.329922392,,,
0.141407095,0.039833736,,,
0.450689726,-0.087992692,,,
0.120535612,-0.312061728,,,
0.358657324,-0.44023225,,,
0.019658374,-0.264369997,,,
-0.045891927,-0.249312095,,,
-0.165867076,-0.203124209,,,
-0.414153277,-0.095990018,,,
-0.327799008,-0.1869107,,,
-0.577001241,-0.316323303,,,
-0.695459672,0.085973039,,,
-0.348368479,0.190516465,,,
-0.130242778,0.246277274,,,
-0.16536488,0.546461376,,,
0.005179616,0.678089235,,,
0.108231274,0.525497605,,,
0.086998024,0.372793379,,,
0.535676104,0.278980391,,,
0.361714191,0.267971992,,,
0.285386337,0.023964968,,,
0.394384224,0.084436699,,,
0.379598991,0.100821338,,,
0.113890524,-0.170832166,,,
0.10918916,-0.006417709,,,
-0.020424838,-0.257991054,,,
0.049201517,-0.156350237,,,
-0.115118373,-0.103776725,,,
-0.222637541,0.008684161,,,
-0.052227543,0.23977791,,,
0.084703539,0.347538359,,,
0.069732294,0.202765723,,,
0.18146568,0.328100898,,,
0.455608637,0.381402432,,,
0.428770488,0.207385253,,,
0.295057077,0.067996069,,,
0.585132615,-0.283630624,,,
0.386035909,-0.316066705,,,
0.293911346,-0.341491168,,,
0.319149187,-0.750080884,,,
